pregunta,categoria,respuesta_compuesta,,nueva_respuesta
¿Qué es el índice de felicidad mundial?,definiciones,"El Índice de Felicidad Mundial es una medida estadística que clasifica a los países de acuerdo con el nivel percibido de felicidad de sus habitantes, utilizando datos de encuestas y variables socioeconómicas.",,"La respuesta se relaciona con factores como el ingreso, la salud, el apoyo social y la libertad personal."
¿Qué significa el ranking de felicidad?,definiciones,"El ranking de felicidad es la lista ordenada de países según el puntaje promedio de felicidad reportado por sus ciudadanos, del más alto al más bajo.",,Los informes internacionales utilizan encuestas globales para evaluar la percepción de felicidad y bienestar.
¿Qué mide exactamente el índice de felicidad?,definiciones,"El indice de la felicidad mide el bienestar subjetivo de las personas, basado en su evaluación de la vida, en combinación con factores como ingreso, apoyo social, salud, libertad, generosidad y ausencia de corrupción.",,El propósito de este indicador es comprender cómo las personas perciben su calidad de vida en distintos países.
¿Qué entienden por felicidad en este informe?,definiciones," El  informe sentiende la felicidad como ""evaluaciones de la vida"" hechas por los individuos sobre su satisfacción general con la misma, más que emociones momentáneas de placer o dolor.",,Los informes internacionales utilizan encuestas globales para evaluar la percepción de felicidad y bienestar.
¿Qué diferencia hay entre el índice de felicidad y otros indicadores de bienestar?,definiciones,"La diferencia  que hay entre estos dos, es que este índice se centra en la percepción subjetiva de los ciudadanos y combina variables sociales y emocionales, mientras que otros indicadores (como PIB o IDH) se enfocan más en datos objetivos.",,"La respuesta se relaciona con factores como el ingreso, la salud, el apoyo social y la libertad personal."
¿Qué países se incluyen en el índice de felicidad?,definiciones,"Se incluyen más de 150 países del mundo, siempre que exista información suficiente de encuestas y datos socioeconómicos para poder calcular el puntaje.",,El propósito de este indicador es comprender cómo las personas perciben su calidad de vida en distintos países.
¿Qué escala se usa para medir la felicidad?,definiciones,"La escala es de 0 a 10, donde 0 representa la peor vida posible y 10 la mejor vida posible, según la percepción de los encuestados.",,Este concepto se basa en estudios científicos que analizan el bienestar subjetivo y la satisfacción con la vida.
¿Qué lugar ocupa mi país en el ranking de felicidad?,definiciones,"Depende del país en cuestión. Cada año el informe publica la posición actualizada; por ejemplo, Colombia suele ubicarse entre los lugares 60–80 en los últimos años.",,Los informes internacionales utilizan encuestas globales para evaluar la percepción de felicidad y bienestar.
¿Qué resultados se publican cada año en el informe de felicidad?,definiciones,"Se publican: el ranking global de felicidad, análisis de tendencias regionales, evolución a lo largo del tiempo y estudios sobre los factores que más influyen en la felicidad.",,"La respuesta se relaciona con factores como el ingreso, la salud, el apoyo social y la libertad personal."
¿Qué tan confiable es el índice de felicidad?,definiciones,"Es considerado confiable porque utiliza datos del Gallup World Poll y métodos estadísticos estandarizados, aunque no está exento de limitaciones culturales y subjetivas.",,Diversas investigaciones en psicología positiva han mostrado que la felicidad depende tanto de condiciones materiales como emocionales.
¿Qué factores determinan la posición de un país en el ranking de felicidad?,definiciones,"Seis principales: PIB per cápita, apoyo social, esperanza de vida saludable, libertad para tomar decisiones, generosidad y percepción de corrupción.",,Los informes internacionales utilizan encuestas globales para evaluar la percepción de felicidad y bienestar.
¿Qué instituciones reconocen este índice como referencia?,definiciones,"Es reconocido por la ONU, la OCDE, el Banco Mundial, universidades y centros de investigación como referencia en estudios de bienestar y desarrollo.",,Este concepto se basa en estudios científicos que analizan el bienestar subjetivo y la satisfacción con la vida.
¿Qué críticas existen al índice de felicidad?,definiciones,"Algunas críticas señalan que la felicidad es subjetiva y culturalmente relativa, que el índice depende demasiado de percepciones y que no refleja problemas como desigualdad o violencia en toda su magnitud.",,"La respuesta se relaciona con factores como el ingreso, la salud, el apoyo social y la libertad personal."
¿Qué importancia tiene el índice de felicidad a nivel global?,definiciones,"Es importante porque ofrece una visión alternativa al PIB como medida de progreso, influye en políticas públicas y fomenta la discusión sobre el bienestar como objetivo central del desarrollo.",,Los informes internacionales utilizan encuestas globales para evaluar la percepción de felicidad y bienestar.
¿Qué temas adicionales cubre el informe además del ranking?,definiciones,"Analiza bienestar, desigualdad, políticas públicas y factores sociales.",,Este concepto se basa en estudios científicos que analizan el bienestar subjetivo y la satisfacción con la vida.
¿Por qué se creó el índice de felicidad?,proposito,Se creó para medir el bienestar real de las personas más allá de la economía.,,Los informes internacionales utilizan encuestas globales para evaluar la percepción de felicidad y bienestar.
¿Por qué la ONU impulsa este ranking?,proposito,La ONU lo impulsa para promover políticas que mejoren la calidad de vida global.,,El propósito de este indicador es comprender cómo las personas perciben su calidad de vida en distintos países.
¿Por qué es importante medir la felicidad y no solo el PIB?,proposito,"Porque el PIB no refleja salud, apoyo social ni satisfacción personal.",,El propósito de este indicador es comprender cómo las personas perciben su calidad de vida en distintos países.
¿Por qué algunos países son más felices que otros según el ranking?,proposito,"Depende de factores como confianza, seguridad, ingresos y cohesión social.",,Diversas investigaciones en psicología positiva han mostrado que la felicidad depende tanto de condiciones materiales como emocionales.
¿Por qué varía el ranking de felicidad cada año?,proposito,"Cambia según políticas, economía, crisis o mejoras sociales.",,"La respuesta se relaciona con factores como el ingreso, la salud, el apoyo social y la libertad personal."
¿Por qué se usa este índice en políticas públicas?,proposito,Porque orienta decisiones hacia mayor bienestar ciudadano.,,El propósito de este indicador es comprender cómo las personas perciben su calidad de vida en distintos países.
¿Por qué el ranking se publica a nivel global?,proposito,Para tener una referencia comparativa entre países y regiones.,,El propósito de este indicador es comprender cómo las personas perciben su calidad de vida en distintos países.
¿Por qué se habla de bienestar subjetivo en vez de solo economía?,proposito,"Porque la felicidad integra percepciones y experiencias de vida, no solo dinero.",,"La respuesta se relaciona con factores como el ingreso, la salud, el apoyo social y la libertad personal."
¿Por qué Finlandia suele ser el país más feliz del mundo?,proposito,"Por su estabilidad, servicios públicos sólidos y confianza social.",,Diversas investigaciones en psicología positiva han mostrado que la felicidad depende tanto de condiciones materiales como emocionales.
¿Por qué algunos países de Latinoamérica aparecen en buena posición?,proposito,"Por el valor cultural de la familia, comunidad y resiliencia social.",,Diversas investigaciones en psicología positiva han mostrado que la felicidad depende tanto de condiciones materiales como emocionales.
¿Por qué los países en guerra aparecen al final del ranking?,proposito,"La guerra destruye seguridad, confianza y calidad de vida.",,Diversas investigaciones en psicología positiva han mostrado que la felicidad depende tanto de condiciones materiales como emocionales.
¿Por qué el informe compara regiones entre sí?,proposito,Para identificar desigualdades y aprender de experiencias regionales.,,Los informes internacionales utilizan encuestas globales para evaluar la percepción de felicidad y bienestar.
¿Por qué este índice es citado en investigaciones académicas?,proposito,Porque ofrece datos confiables y comparables para estudios académicos.,,Este concepto se basa en estudios científicos que analizan el bienestar subjetivo y la satisfacción con la vida.
¿Por qué se relaciona la felicidad con desarrollo sostenible?,proposito,La felicidad depende también de equilibrio ambiental y justicia social.,,Diversas investigaciones en psicología positiva han mostrado que la felicidad depende tanto de condiciones materiales como emocionales.
¿Por qué se analiza la generosidad como un factor en la felicidad?,proposito,Porque la generosidad fortalece vínculos sociales y confianza.,,Diversas investigaciones en psicología positiva han mostrado que la felicidad depende tanto de condiciones materiales como emocionales.
¿Quién elabora el índice de felicidad?,metodologia,Lo elabora la ONU con expertos y universidades asociadas.,,El propósito de este indicador es comprender cómo las personas perciben su calidad de vida en distintos países.
¿Quién responde las encuestas del índice de felicidad?,metodologia,Personas adultas encuestadas en más de 150 países.,,El propósito de este indicador es comprender cómo las personas perciben su calidad de vida en distintos países.
¿Quién financia el informe de felicidad mundial?,metodologia,Contribuciones de Naciones Unidas y fundaciones internacionales.,,Los informes internacionales utilizan encuestas globales para evaluar la percepción de felicidad y bienestar.
¿Dónde se publican los resultados del ranking de felicidad?,metodologia,En la web oficial de la ONU y en el World Happiness Report.,,Los informes internacionales utilizan encuestas globales para evaluar la percepción de felicidad y bienestar.
¿Dónde puedo consultar el informe completo?,metodologia,"En la página oficial del World Happiness Report, donde están disponibles los reportes anuales, resúmenes y bases de datos abiertas.",,"La respuesta se relaciona con factores como el ingreso, la salud, el apoyo social y la libertad personal."
¿Dónde se realizan las encuestas del índice de felicidad?,metodologia,"En todos los países incluidos, con muestras representativas.",,Diversas investigaciones en psicología positiva han mostrado que la felicidad depende tanto de condiciones materiales como emocionales.
¿Cuándo se publica el informe de felicidad cada año?,metodologia,"Cada año en marzo, cerca del Día Internacional de la Felicidad (20 de marzo).",,"La respuesta se relaciona con factores como el ingreso, la salud, el apoyo social y la libertad personal."
¿Cuándo comenzó a realizarse el índice de felicidad?,metodologia,"El Índice de Felicidad se publica desde 2012, cuando la ONU presentó el primer World Happiness Report como herramienta para medir el bienestar más allá de la economía.",,El propósito de este indicador es comprender cómo las personas perciben su calidad de vida en distintos países.
¿Cuándo cambió el país más feliz del mundo en el ranking?,metodologia,"El país más feliz ha variado en algunos años; sin embargo, desde 2018 Finlandia ocupa consistentemente el primer lugar, reemplazando a naciones como Noruega y Dinamarca.",,El propósito de este indicador es comprender cómo las personas perciben su calidad de vida en distintos países.
¿Cuándo se considera que un país ha mejorado en felicidad?,metodologia,"Cuando su población reporta mayor satisfacción con la vida y suben sus indicadores en áreas como confianza, salud, ingresos y apoyo social respecto a años anteriores.",,El propósito de este indicador es comprender cómo las personas perciben su calidad de vida en distintos países.
¿Cómo se calcula el índice de felicidad?,metodologia,"Se combina la percepción subjetiva de bienestar (encuestas de satisfacción con la vida) con factores objetivos: PIB per cápita, apoyo social, esperanza de vida saludable, libertad, generosidad y ausencia de corrupción.",,Diversas investigaciones en psicología positiva han mostrado que la felicidad depende tanto de condiciones materiales como emocionales.
¿Cómo se hacen las encuestas de felicidad?,metodologia,"La empresa Gallup entrevista a miles de personas en cada país, preguntando en una escala de 0 a 10 qué tan satisfechas están con su vida, junto con otras preguntas sociales y económicas.",,Diversas investigaciones en psicología positiva han mostrado que la felicidad depende tanto de condiciones materiales como emocionales.
¿Cómo se seleccionan los países para el ranking?,metodologia,"Se incluyen más de 150 países, escogidos por la disponibilidad de datos confiables de encuestas y estadísticas internacionales comparables.",,"La respuesta se relaciona con factores como el ingreso, la salud, el apoyo social y la libertad personal."
¿Cómo se eligen los factores que influyen en la felicidad?,metodologia,"Los factores fueron definidos por un comité de expertos en economía, psicología y ciencias sociales, con base en evidencia científica sobre lo que más impacta el bienestar.",,Este concepto se basa en estudios científicos que analizan el bienestar subjetivo y la satisfacción con la vida.
¿Cómo puedo acceder a los datos originales del ranking?,metodologia,"Todos los datos están disponibles de forma gratuita en la página oficial del World Happiness Report (worldhappiness.report), donde se pueden descargar informes y bases de datos.",,Este concepto se basa en estudios científicos que analizan el bienestar subjetivo y la satisfacción con la vida.
¿Qué es el PIB per cápita en el índice de felicidad?,metodologia,"Es el promedio de la producción económica anual por persona en un país, usado como referencia de nivel material de vida.",,Los informes internacionales utilizan encuestas globales para evaluar la percepción de felicidad y bienestar.
¿Cómo se mide el PIB per cápita en el índice de felicidad?,metodologia,"Se mide usando el PIB ajustado por paridad de poder adquisitivo (PPA), lo que permite comparaciones justas entre países con diferentes costos de vida.",,El propósito de este indicador es comprender cómo las personas perciben su calidad de vida en distintos países.
¿Qué es el apoyo social en el índice de felicidad?,metodologia,"Es la percepción de que una persona puede contar con alguien cercano (familiares, amigos, comunidad) cuando enfrenta dificultades.",,Este concepto se basa en estudios científicos que analizan el bienestar subjetivo y la satisfacción con la vida.
¿Cómo se mide el apoyo social en el índice de felicidad?,metodologia,A través de encuestas donde se pregunta si el encuestado tiene a alguien en quien confiar en situaciones problemáticas.,,"La respuesta se relaciona con factores como el ingreso, la salud, el apoyo social y la libertad personal."
¿Qué es la esperanza de vida saludable en el índice de felicidad?,metodologia,"Es la cantidad de años que una persona puede esperar vivir con buena salud, no solo la longevidad total.",,Diversas investigaciones en psicología positiva han mostrado que la felicidad depende tanto de condiciones materiales como emocionales.
¿Cómo se mide la esperanza de vida saludable en el índice de felicidad?,metodologia,"Con datos de la OMS, que combinan estadísticas de mortalidad y prevalencia de enfermedades.",,Este concepto se basa en estudios científicos que analizan el bienestar subjetivo y la satisfacción con la vida.
¿Qué es la libertad para tomar decisiones de vida en el índice de felicidad?,metodologia,"Es el grado en que las personas sienten que tienen autonomía para decidir sobre su vida (trabajo, educación, residencia, etc.).",,"La respuesta se relaciona con factores como el ingreso, la salud, el apoyo social y la libertad personal."
¿Cómo se mide la libertad para tomar decisiones de vida en el índice de felicidad?,metodologia,Mediante encuestas donde se pregunta si el encuestado está satisfecho con su libertad para elegir cómo vivir.,,Los informes internacionales utilizan encuestas globales para evaluar la percepción de felicidad y bienestar.
¿Qué es la generosidad en el índice de felicidad?,metodologia,"Es el nivel de solidaridad y ayuda hacia otros, ya sea con tiempo, dinero o apoyo comunitario.",,"La respuesta se relaciona con factores como el ingreso, la salud, el apoyo social y la libertad personal."
¿Cómo se mide la generosidad en el índice de felicidad?,metodologia,Con encuestas que preguntan si la persona ha hecho donaciones de dinero o tiempo en el último mes.,,Los informes internacionales utilizan encuestas globales para evaluar la percepción de felicidad y bienestar.
¿Qué es la percepción de corrupción en el índice de felicidad?,metodologia,Es la confianza de las personas en sus instituciones y la percepción sobre la presencia de corrupción en el gobierno y en la economía.,,Este concepto se basa en estudios científicos que analizan el bienestar subjetivo y la satisfacción con la vida.
¿Cómo se mide la percepción de corrupción en el índice de felicidad?,metodologia,"A través de preguntas sobre la confianza en el gobierno y en los negocios, evaluando si la población percibe corrupción.",,Los informes internacionales utilizan encuestas globales para evaluar la percepción de felicidad y bienestar.
¿Cómo se calcula el índice de felicidad mundial?,definiciones,"El índice de felicidad mundial se calcula con base en encuestas sobre la satisfacción de vida y factores como ingreso, apoyo social, salud, libertad, generosidad y ausencia de corrupción.",,Este concepto se basa en estudios científicos que analizan el bienestar subjetivo y la satisfacción con la vida.
¿Qué significa ser un país feliz?,definiciones,"Significa que, según las encuestas, sus ciudadanos reportan altos niveles de satisfacción y bienestar en su vida.",,"La respuesta se relaciona con factores como el ingreso, la salud, el apoyo social y la libertad personal."
¿Cuál es el país más feliz en 2023?,estadísticas,"En 2023, Finlandia fue catalogado como el país más feliz del mundo, según el Informe Mundial de la Felicidad.",,El propósito de este indicador es comprender cómo las personas perciben su calidad de vida en distintos países.
¿Qué país tuvo el puntaje más bajo de felicidad?,estadísticas,"En los últimos informes, Afganistán aparece entre los países con menor puntaje de felicidad.",,Diversas investigaciones en psicología positiva han mostrado que la felicidad depende tanto de condiciones materiales como emocionales.
¿Cómo puedo ser más feliz?,consejos,"Algunas formas de aumentar la felicidad son: practicar la gratitud, cuidar la salud, mantener relaciones sociales positivas y realizar actividades que te gusten.",,Diversas investigaciones en psicología positiva han mostrado que la felicidad depende tanto de condiciones materiales como emocionales.
Dame un consejo para mejorar mi bienestar,consejos,"Dedica tiempo a actividades que disfrutes, haz ejercicio regularmente y comparte momentos con personas que te importan.",,El propósito de este indicador es comprender cómo las personas perciben su calidad de vida en distintos países.
¿Sabías que la música puede aumentar la felicidad?,curiosidades,"Sí, estudios muestran que escuchar música que disfrutas puede mejorar tu estado de ánimo y aumentar tu felicidad.",,Este concepto se basa en estudios científicos que analizan el bienestar subjetivo y la satisfacción con la vida.
¿La generosidad influye en la felicidad?,curiosidades,"Sí, ayudar a los demás y practicar la generosidad suele estar relacionado con mayores niveles de felicidad personal.",,"La respuesta se relaciona con factores como el ingreso, la salud, el apoyo social y la libertad personal."
Hola,conversación,¡Hola! ¿Te gustaria saber algo sobre felicidad mundial?,,Los informes internacionales utilizan encuestas globales para evaluar la percepción de felicidad y bienestar.
Gracias,conversación,"Con gusto, estoy aquí para ayudarte.",,"La respuesta se relaciona con factores como el ingreso, la salud, el apoyo social y la libertad personal."
Adiós,conversación,¡Hasta luego! Te deseo un excelente dia.,,Los informes internacionales utilizan encuestas globales para evaluar la percepción de felicidad y bienestar.
¿Cuál es la diferencia entre felicidad y satisfacción con la vida?,definiciones,"La satisfacción con la vida es una evaluación general de cómo percibes tu vida en conjunto, mientras que la felicidad suele incluir también emociones y sentimientos positivos en el día a día.",,Este concepto se basa en estudios científicos que analizan el bienestar subjetivo y la satisfacción con la vida.
¿Qué entiende la psicología por felicidad?,definiciones,"En psicología, la felicidad se entiende como un estado de bienestar que incluye emociones positivas frecuentes, baja presencia de emociones negativas y una alta satisfacción con la vida.",,Este concepto se basa en estudios científicos que analizan el bienestar subjetivo y la satisfacción con la vida.
¿Qué es el bienestar subjetivo?,definiciones,"El bienestar subjetivo es la percepción que cada persona tiene sobre su propia vida, considerando tanto la satisfacción general como las emociones positivas y negativas que experimenta.",,Los informes internacionales utilizan encuestas globales para evaluar la percepción de felicidad y bienestar.
¿Qué puesto ocupa Colombia en el ranking de felicidad?,estadísticas,"En los informes recientes, Colombia suele ubicarse entre los primeros lugares de Latinoamérica en el ranking de felicidad mundial.",,"La respuesta se relaciona con factores como el ingreso, la salud, el apoyo social y la libertad personal."
¿Cómo cambió el índice de felicidad en los últimos 5 años?,estadísticas,"El índice de felicidad cambia cada año según las encuestas y variables analizadas, mostrando tendencias de mejora o retroceso en los países.",,"La respuesta se relaciona con factores como el ingreso, la salud, el apoyo social y la libertad personal."
¿Qué países latinoamericanos aparecen en los primeros lugares?,estadísticas,Costa Rica y México suelen destacar en los informes de felicidad como algunos de los países latinoamericanos mejor posicionados.,,Este concepto se basa en estudios científicos que analizan el bienestar subjetivo y la satisfacción con la vida.
¿Quién elabora el Informe Mundial de la Felicidad?,metodología,"El Informe Mundial de la Felicidad es elaborado por la Red de Soluciones para el Desarrollo Sostenible de las Naciones Unidas, con la colaboración de expertos internacionales.",,Este concepto se basa en estudios científicos que analizan el bienestar subjetivo y la satisfacción con la vida.
¿Cada cuánto tiempo se actualiza el ranking de felicidad?,metodología,"El ranking de felicidad se publica una vez al año, coincidiendo con el Día Internacional de la Felicidad, el 20 de marzo.",,Este concepto se basa en estudios científicos que analizan el bienestar subjetivo y la satisfacción con la vida.
¿Qué encuestas utilizan para medir la felicidad?,metodología,"El informe utiliza principalmente encuestas de Gallup World Poll, que recogen percepciones de los ciudadanos sobre su vida y entorno.",,Los informes internacionales utilizan encuestas globales para evaluar la percepción de felicidad y bienestar.
¿Qué hábitos diarios ayudan a ser más feliz?,consejos,"Algunos hábitos recomendados son: dormir bien, practicar ejercicio, agradecer, mantener relaciones sanas y dedicar tiempo a actividades que disfrutes.",,Diversas investigaciones en psicología positiva han mostrado que la felicidad depende tanto de condiciones materiales como emocionales.
¿El dinero realmente da felicidad?,consejos,"El dinero puede mejorar la felicidad al cubrir necesidades básicas y dar seguridad, pero no garantiza felicidad duradera más allá de cierto nivel de ingresos.",,"La respuesta se relaciona con factores como el ingreso, la salud, el apoyo social y la libertad personal."
¿Cómo influye la gratitud en la felicidad?,consejos,"Practicar la gratitud regularmente se asocia con mayor bienestar emocional, reducción del estrés y aumento de la satisfacción con la vida.",,"La respuesta se relaciona con factores como el ingreso, la salud, el apoyo social y la libertad personal."
¿El clima influye en la felicidad de un país?,curiosidades,"El clima puede influir en el estado de ánimo, pero no es el factor principal de la felicidad de un país. Variables sociales y económicas tienen mayor peso.",,Diversas investigaciones en psicología positiva han mostrado que la felicidad depende tanto de condiciones materiales como emocionales.
¿Por qué los países nórdicos suelen ser los más felices?,curiosidades,"Los países nórdicos destacan por altos niveles de confianza social, apoyo comunitario, igualdad y sistemas de bienestar que contribuyen a la felicidad.",,Los informes internacionales utilizan encuestas globales para evaluar la percepción de felicidad y bienestar.
¿Hay países pequeños que aparezcan en los primeros lugares?,curiosidades,"Sí, países como Islandia o Costa Rica, a pesar de ser pequeños, aparecen en los primeros lugares gracias a su calidad de vida y cohesión social.",,Diversas investigaciones en psicología positiva han mostrado que la felicidad depende tanto de condiciones materiales como emocionales.
¿Puedes contarme un dato curioso sobre felicidad?,conversación,"Claro, por ejemplo: los estudios muestran que las personas que sonríen más tienden a sentirse más felices.",,El propósito de este indicador es comprender cómo las personas perciben su calidad de vida en distintos países.
¿Qué piensas de la felicidad?,conversación,"Pienso que la felicidad es un objetivo universal, pero se construye día a día con pequeños hábitos y relaciones positivas.",,"La respuesta se relaciona con factores como el ingreso, la salud, el apoyo social y la libertad personal."
¿Me puedes motivar con una frase positiva?,conversación,"Por supuesto: 'La felicidad no es tener lo que quieres, sino disfrutar lo que tienes.'",,Este concepto se basa en estudios científicos que analizan el bienestar subjetivo y la satisfacción con la vida.